id_entidade,id_entidade_parlametria,casa,nome,sexo,partido,uf,situacao,em_exercicio,is_parlamentar,governismo,assinadas,autorias_ponderadas
74646,174646,camara,Aécio Neves,M,PSDB,MG,Titular,1,1,3.689721140886139,0,0
73888,173888,camara,Airton Dipp,M,PDT,RS,Titular,1,1,NA,0,0
74471,174471,camara,André De Paula,M,PSD,PE,Titular,1,1,4.946945601449057,0,0
73433,173433,camara,Arlindo Chinaglia,M,PT,SP,Titular,1,1,-6.05420886523663,0,0
74090,174090,camara,Átila Lins,M,PP,AM,Titular,1,1,5.355085658429186,0,0
74459,174459,camara,Átila Lira,M,PP,PI,Titular,1,1,5.609995830623099,0,0
73441,173441,camara,Celso Russomanno,M,REPUBLICANOS,SP,Titular,1,1,4.751844380872141,0,0
74537,174537,camara,Claudio Cajado,M,PP,BA,Titular,1,1,6.21678153424352,0,0
74467,174467,camara,Damião Feliciano,M,PDT,PB,Titular,1,1,-0.5565145183592097,0,0
74655,174655,camara,Eduardo Barbosa,M,PSDB,MG,Titular,1,1,3.2079448909578296,0,0
74075,174075,camara,Elcione Barbalho,F,MDB,PA,Titular,1,1,5.676960946844874,0,0
73470,173470,camara,Eni Voltolini,M,PRB,SC,Titular,1,1,NA,0,0
73896,173896,camara,Fetter Junior,M,PPB,RS,Titular,1,1,NA,0,0
74199,174199,camara,Francisco Coelho,M,PFL,MA,Titular,1,1,NA,0,0
74200,174200,camara,Gastão Vieira,M,PROS,MA,Suplente,1,1,2.4881138057824987,0,0
74419,174419,camara,Gonzaga Patriota,M,PSB,PE,Titular,1,1,-1.6679594743152109,0,0
73460,173460,camara,Gustavo Fruet,M,PDT,PR,Titular,1,1,0.07625703952463425,0,0
73482,173482,camara,Henrique Fontana,M,PT,RS,Titular,1,1,-4.478269851388127,0,0
73772,173772,camara,Hermes Parcianello,M,MDB,PR,Titular,1,1,2.986234448431988,0,0
73531,173531,camara,Ivan Valente,M,PSOL,SP,Titular,1,1,-8.758899045135427,1,0.1
73532,173532,camara,Jair Meneguelli,M,PT,SP,Titular,1,1,NA,0,0
74848,174848,camara,Jandira Feghali,F,PCdoB,RJ,Titular,1,1,-1.574687625853926,2,0.356060606060606
74079,174079,camara,José Priante,M,MDB,PA,Titular,1,1,4.509976580656655,0,0
74554,174554,camara,José Rocha,M,PL,BA,Titular,1,1,6.346334138838198,0,0
73586,173586,camara,Júlio Delgado,M,PSB,MG,Titular,1,1,-0.6969136532060869,1,0.05263157894736842
74585,174585,camara,Lincoln Portela,M,PL,MG,Titular,1,1,3.487783963805903,0,0
74478,174478,camara,Luciano Bivar,M,PSL,PE,Titular,1,1,4.46442427692023,0,0
74784,174784,camara,Luiza Erundina,F,PSOL,SP,Titular,1,1,-2.5968772643222104,1,0.1
74749,174749,camara,Mauro Lopes,M,MDB,MG,Titular,1,1,4.948836625751987,0,0
74352,174352,camara,Nilson Pinto,M,PSDB,PA,Titular,1,1,3.7570211190977822,0,0
73692,173692,camara,Osmar Terra,M,MDB,RS,Titular,1,1,7.181519957110925,0,0
74574,174574,camara,Paulo Magalhães,M,PSD,BA,Suplente,1,1,3.3038011657675597,0,0
74192,174192,camara,Paulo Mourão,M,PSDB,TO,Titular,1,1,NA,0,0
73486,173486,camara,Pompeo De Mattos,M,PDT,RS,Titular,1,1,-0.34156271900236845,0,0
73475,173475,camara,Renato Vianna,M,PMDB,SC,Titular,1,1,NA,0,0
73788,173788,camara,Ricardo Barros,M,PP,PR,Titular,1,1,6.1250194920390335,0,0
73487,173487,camara,Roberto Argenta,M,PHS,RS,Titular,1,1,NA,0,0
74693,174693,camara,Rodrigo Maia,M,DEM,RJ,Titular,1,1,5.284041482926824,0,0
73466,173466,camara,Rubens Bueno,M,CIDADANIA,PR,Titular,1,1,2.667468640323845,0,0
73604,173604,camara,Rui Falcão,M,PT,SP,Titular,1,1,-4.8017054445592695,1,0.022727272727272728
74356,174356,camara,Silas Câmara,M,REPUBLICANOS,AM,Titular,1,1,4.2712500775885935,0,0
74806,174806,camara,Tadeu Filippelli,M,MDB,DF,Suplente,1,1,4.827443441967008,0,0
74233,174233,camara,Vanio Dos Santos,M,PT,SC,Suplente,1,1,NA,0,0
74439,174439,camara,Wolney Queiroz,M,PDT,PE,Titular,1,1,-1.1459387203211886,0,0
945,2945,senado,Alvaro Dias,M,PODEMOS,PR,Titular,1,1,-3.0217997633062845,0,0
35,235,senado,Jader Barbalho,M,MDB,PA,Titular,1,1,-0.2725608036660976,0,0
90,290,senado,José Serra,M,PSDB,SP,Titular,1,1,1.9070474846068048,0,0
1023,21023,senado,Maria do Carmo Alves,F,DEM,SE,Titular,1,1,2.571176610090804,0,0
70,270,senado,Renan Calheiros,M,MDB,AL,Titular,1,1,-5.924730809470718,0,0
136811,1136811,camara,Afonso Hamm,M,PP,RS,Titular,1,1,4.783832657779918,0,0
74057,174057,camara,Alice Portugal,F,PCdoB,BA,Titular,1,1,-2.2782736319933132,1,0.3333333333333333
133439,1133439,camara,André Figueiredo,M,PDT,CE,Titular,1,1,-1.083594880064748,0,0
141335,1141335,camara,Beto Faro,M,PT,PA,Titular,1,1,-4.573640309264193,1,0.022727272727272728
74052,174052,camara,Bosco Costa,M,PL,SE,Titular,1,1,6.2446576510032585,0,0
74262,174262,camara,Carlos Sampaio,M,PSDB,SP,Titular,1,1,3.613177300254902,0,0
74060,174060,camara,Daniel Almeida,M,PCdoB,BA,Titular,1,1,-1.981616812568065,0,0
74383,174383,camara,Giacobo,M,PL,PR,Titular,1,1,5.460268364089929,0,0
74270,174270,camara,Gilberto Nascimento,M,PSC,SP,Titular,1,1,3.739623762949524,0,0
74273,174273,camara,Jefferson Campos,M,PSB,SP,Titular,1,1,2.538330153857256,0,0
74366,174366,camara,João Campos,M,REPUBLICANOS,GO,Titular,1,1,5.022697875251438,0,0
74317,174317,camara,Júlio Cesar,M,PSD,PI,Titular,1,1,6.0349818397398884,0,0
74156,174156,camara,Leonardo Monteiro,M,PT,MG,Titular,1,1,-3.2071324900801743,1,0.022727272727272728
74299,174299,camara,Leônidas Cristino,M,PDT,CE,Titular,1,1,-1.178930001185531,0,0
74398,174398,camara,Maria Do Rosário,F,PT,RS,Titular,1,1,-8.037082522140151,1,0.022727272727272728
74158,174158,camara,Mário Heringer,M,PDT,MG,Titular,1,1,-0.49073319721661335,0,0
74159,174159,camara,Odair Cunha,M,PT,MG,Titular,1,1,-3.317682643410218,0,0
74160,174160,camara,Patrus Ananias,M,PT,MG,Titular,1,1,-4.92974346526362,1,0.022727272727272728
74400,174400,camara,Paulo Pimenta,M,PT,RS,Titular,1,1,-5.4065349040440065,0,0
73943,173943,camara,Perpétua Almeida,F,PCdoB,AC,Titular,1,1,-1.5449122492133949,1,0.3333333333333333
74161,174161,camara,Reginaldo Lopes,M,PT,MG,Titular,1,1,-2.677037035331984,0,0
73801,173801,camara,Renildo Calheiros,M,PCdoB,PE,Titular,1,1,-2.0998787438015416,0,0
74371,174371,camara,Rubens Otoni,M,PT,GO,Titular,1,1,-6.850484538753514,1,0.022727272727272728
74376,174376,camara,Vander Loubet,M,PT,MS,Titular,1,1,-3.6673408112706145,1,0.022727272727272728
74283,174283,camara,Vicentinho,M,PT,SP,Titular,1,1,-3.9850067027870413,1,0.022727272727272728
74043,174043,camara,Wellington Roberto,M,PL,PB,Titular,1,1,4.68079626894589,0,0
74044,174044,camara,Wilson Santiago,M,PTB,PB,Titular,1,1,4.297721119676972,0,0
345,2345,senado,Flávio Arns,M,REDE,PR,Titular,1,1,-4.225396369010732,0,0
3361,23361,senado,José Maranhão,M,MDB,PB,Titular,1,1,0.1571963588405687,0,0
825,2825,senado,Paulo Paim,M,PT,RS,Titular,1,1,-8.771983771486855,0,0
3396,23396,senado,Tasso Jereissati,M,PSDB,CE,Titular,1,1,3.831773533368972,0,0
73696,173696,camara,Angela Amin,F,PP,SC,Titular,1,1,3.4725015510220487,0,0
141391,1141391,camara,Arnaldo Jardim,M,CIDADANIA,SP,Titular,1,1,2.7108544801771917,0,0
141513,1141513,camara,Bilac Pinto,M,DEM,MG,Titular,1,1,4.489349193346481,0,0
141401,1141401,camara,Carlos Bezerra,M,MDB,MT,Titular,1,1,3.611318259800125,0,0
141398,1141398,camara,Carlos Zarattini,M,PT,SP,Titular,1,1,-4.152345091193297,0,0
141405,1141405,camara,Celso Maldaner,M,MDB,SC,Titular,1,1,4.943474096593281,0,0
141439,1141439,camara,Chico D'angelo,M,PDT,RJ,Titular,1,1,-1.6132175192405036,0,0
141408,1141408,camara,Cleber Verde,M,REPUBLICANOS,MA,Titular,1,1,5.435245796698467,0,0
141411,1141411,camara,Dagoberto Nogueira,M,PDT,MS,Titular,1,1,-0.6569713784766051,0,0
141417,1141417,camara,Edio Lopes,M,PL,RR,Titular,1,1,5.700820104114133,0,0
141421,1141421,camara,Eduardo Da Fonte,M,PP,PE,Titular,1,1,4.738371540623747,0,0
141422,1141422,camara,Efraim Filho,M,DEM,PB,Titular,1,1,4.860196201490627,0,0
141427,1141427,camara,Fábio Ramalho,M,MDB,MG,Titular,1,1,4.265693416978776,0,0
141431,1141431,camara,Fernando Coelho Filho,M,DEM,PE,Titular,1,1,4.9003989189521935,0,0
141434,1141434,camara,Flaviano Melo,M,MDB,AC,Titular,1,1,4.903024583967287,0,0
152605,1152605,camara,Glauber Braga,M,PSOL,RJ,Titular,1,1,-10,1,0.1
141450,1141450,camara,Hugo Leal,M,PSD,RJ,Titular,1,1,4.124306398362037,0,0
141458,1141458,camara,João Carlos Bacelar,M,PL,BA,Titular,1,1,6.6167702966609525,0,0
141459,1141459,camara,João Maia,M,PL,RN,Titular,1,1,6.497043221404201,0,0
141464,1141464,camara,José Airton Félix Cirilo,M,PT,CE,Titular,1,1,-4.4523381680946015,0,0
141470,1141470,camara,José Guimarães,M,PT,CE,Titular,1,1,-4.682513235690796,2,1.0227272727272727
151208,1151208,camara,Laercio Oliveira,M,PP,SE,Titular,1,1,6.150740719603718,0,0
139285,1139285,camara,Lídice Da Mata,F,PSB,BA,Titular,1,1,-2.2158681428107476,1,0.05263157894736842
150418,1150418,camara,Márcio Marinho,M,REPUBLICANOS,BA,Titular,1,1,4.5719705192385405,0,0
141508,1141508,camara,Mauro Nazif,M,PSB,RO,Titular,1,1,-1.1866029558478477,0,0
154178,1154178,camara,Milton Vieira,M,REPUBLICANOS,SP,Titular,1,1,4.880213763574213,0,0
146307,1146307,camara,Neri Geller,M,PP,MT,Titular,1,1,7.715121949359688,0,0
141516,1141516,camara,Paulo Abi-Ackel,M,PSDB,MG,Titular,1,1,4.163967252147746,0,0
141518,1141518,camara,Paulo Pereira Da Silva,M,SOLIDARIEDADE,SP,Titular,1,1,2.3254250951781863,0,0
141488,1141488,camara,Paulo Teixeira,M,PT,SP,Titular,1,1,-6.078977424139842,1,0.022727272727272728
141523,1141523,camara,Raul Henry,M,MDB,PE,Titular,1,1,4.006824879000899,0,0
152610,1152610,camara,Roberto Alves,M,REPUBLICANOS,SP,Titular,1,1,4.80475902767264,0,0
141531,1141531,camara,Rodrigo De Castro,M,PSDB,MG,Titular,1,1,3.573798893935173,0,0
73808,173808,camara,Sérgio Brito,M,PSD,BA,Titular,1,1,5.985084616880094,0,0
141553,1141553,camara,Vanderlei Macris,M,PSDB,SP,Titular,1,1,3.5379596135973106,0,0
141555,1141555,camara,Vinicius Carvalho,M,REPUBLICANOS,SP,Titular,1,1,4.379027112618077,0,0
4981,24981,senado,Acir Gurgacz,M,PDT,RO,Titular,1,1,-3.7983427490527895,0,0
4545,24545,senado,Jarbas Vasconcelos,M,MDB,PE,Titular,1,1,-0.8156693247621831,0,0
4531,24531,senado,Jayme Campos,M,DEM,MT,Titular,1,1,2.523969357234023,0,0
1249,21249,senado,Kátia Abreu,F,PP,TO,Titular,1,1,-2.2218169375158148,0,0
160508,1160508,camara,Afonso Florence,M,PT,BA,Titular,1,1,-6.62710699775109,1,0.022727272727272728
178835,1178835,camara,Afonso Motta,M,PDT,RS,Titular,1,1,-0.06966361036860746,0,0
160527,1160527,camara,Aguinaldo Ribeiro,M,PP,PB,Titular,1,1,5.935234836058106,0,0
160559,1160559,camara,Alceu Moreira,M,MDB,RS,Titular,1,1,5.619792150876622,0,0
160511,1160511,camara,Alessandro Molon,M,PSB,RJ,Titular,1,1,-2.319632427878327,2,1.0526315789473684
160545,1160545,camara,Alexandre Leite,M,DEM,SP,Titular,1,1,4.577726005825815,0,0
160553,1160553,camara,Antonio Brito,M,PSD,BA,Titular,1,1,3.43673426539201,0,0
160541,1160541,camara,Arthur Lira,M,PP,AL,Titular,1,1,6.457892034422603,0,0
160600,1160600,camara,Arthur Oliveira Maia,M,DEM,BA,Titular,1,1,4.101888190962335,0,0
160665,1160665,camara,Augusto Coutinho,M,SOLIDARIEDADE,PE,Titular,1,1,4.13710522544161,0,0
160512,1160512,camara,Aureo Ribeiro,M,SOLIDARIEDADE,RJ,Titular,1,1,3.2536988366443538,0,0
73701,173701,camara,Benedita Da Silva,F,PT,RJ,Titular,1,1,-3.7379553149278166,0,0
160538,1160538,camara,Bohn Gass,M,PT,RS,Titular,1,1,-6.978770363250815,1,0.022727272727272728
160589,1160589,camara,Bruna Furlan,F,PSDB,SP,Titular,1,1,2.2453319641372627,0,0
164360,1164360,camara,Carmen Zanotto,F,CIDADANIA,SC,Titular,1,1,2.375701283806549,0,0
160528,1160528,camara,Danilo Cabral,M,PSB,PE,Titular,1,1,-1.3803426725061119,1,0.05263157894736842
62881,162881,camara,Danilo Forte,M,PSDB,CE,Suplente,1,1,3.7115988511324627,0,0
160552,1160552,camara,Danrlei De Deus Hinterholz,M,PSD,RS,Titular,1,1,3.09447804133411,0,0
164359,1164359,camara,Delegado Waldir,M,PSL,GO,Titular,1,1,3.5537144786914574,0,0
160588,1160588,camara,Diego Andrade,M,PSD,MG,Titular,1,1,5.312890506062541,0,0
160599,1160599,camara,Dimas Fabiano,M,PP,MG,Titular,1,1,6.348433476335863,0,0
143632,1143632,camara,Domingos Neto,M,PSD,CE,Titular,1,1,5.125781608720356,0,0
160758,1160758,camara,Domingos Sávio,M,PSDB,MG,Titular,1,1,4.092557903807974,0,0
178830,1178830,camara,Dr. Sinval Malheiros,M,PODE,SP,Suplente,1,1,3.1436112526533186,0,0
160532,1160532,camara,Eli Corrêa Filho,M,DEM,SP,Titular,1,1,4.515577128565058,0,0
160575,1160575,camara,Erika Kokay,F,PT,DF,Titular,1,1,-4.8796638271854516,1,0.022727272727272728
160640,1160640,camara,Eros Biondini,M,PROS,MG,Titular,1,1,5.693216108657101,0,0
171623,1171623,camara,Fabio Reis,M,MDB,SE,Titular,1,1,4.093203273076327,0,0
160587,1160587,camara,Fábio Trad,M,PSD,MS,Titular,1,1,3.1894863773292386,0,0
160666,1160666,camara,Félix Mendonça Júnior,M,PDT,BA,Titular,1,1,0.11019921196345095,0,0
160598,1160598,camara,Flávia Morais,F,PDT,GO,Titular,1,1,-0.28807946292009134,0,0
160669,1160669,camara,Genecias Noronha,M,SOLIDARIEDADE,CE,Titular,1,1,3.815404238970011,0,0
160673,1160673,camara,Giovani Cherini,M,PL,RS,Titular,1,1,5.930784112100039,0,0
160667,1160667,camara,Guilherme Mussi,M,PP,SP,Titular,1,1,6.9958327366031305,0,0
160674,1160674,camara,Hugo Motta,M,REPUBLICANOS,PB,Titular,1,1,3.4843345734755875,0,0
67138,167138,camara,Iracema Portella,F,PP,PI,Titular,1,1,6.117895414656367,0,0
160570,1160570,camara,Jerônimo Goergen,M,PP,RS,Titular,1,1,4.908181488460208,0,0
160531,1160531,camara,Jhonatan De Jesus,M,REPUBLICANOS,RR,Titular,1,1,5.4000426958110115,0,0
160619,1160619,camara,José Nunes,M,PSD,BA,Titular,1,1,3.747950414339387,0,0
160534,1160534,camara,Lauriete,F,PL,ES,Titular,1,1,5.225278877693656,0,0
160510,1160510,camara,Luis Tibé,M,AVANTE,MG,Titular,1,1,5.428708814556895,0,0
160645,1160645,camara,Luiz Carlos,M,PSDB,AP,Titular,1,1,4.0839724034556095,0,0
162332,1162332,camara,Luiz Nishimori,M,PL,PR,Titular,1,1,6.0698975916550495,0,0
166402,1166402,camara,Magda Mofatto,F,PL,GO,Titular,1,1,5.090483678420224,0,0
160535,1160535,camara,Marcon,M,PT,RS,Titular,1,1,-4.260818134154097,1,0.022727272727272728
171619,1171619,camara,Margarida Salomão,F,PT,MG,Titular,1,1,-3.253383206109058,1,0.022727272727272728
75431,175431,camara,Maurício Dziedricki,M,PTB,RS,Titular,1,1,4.948157040694472,0,0
160556,1160556,camara,Padre João,M,PT,MG,Titular,1,1,-5.993871778935102,1,0.022727272727272728
160642,1160642,camara,Pastor Eurico,M,PATRIOTA,PE,Titular,1,1,5.887030124055377,0,0
160601,1160601,camara,Pr. Marco Feliciano,M,REPUBLICANOS,SP,Titular,1,1,5.353546347491932,0,0
171617,1171617,camara,Paulão,M,PT,AL,Titular,1,1,-6.760502853587189,1,0.022727272727272728
160558,1160558,camara,Paulo Freire Costa,M,PL,SP,Titular,1,1,5.022864046518507,0,0
128760,1128760,camara,Paulo Marinho Jr,M,PL,MA,Suplente,1,1,4.693625522099794,0,0
122158,1122158,camara,Pedro Paulo,M,DEM,RJ,Titular,1,1,3.546868818332406,0,0
160604,1160604,camara,Pedro Uczai,M,PT,SC,Titular,1,1,-5.482416814357045,1,0.022727272727272728
160639,1160639,camara,Professora Dorinha Seabra Rezende,F,DEM,TO,Titular,1,1,3.104179374994427,0,0
160641,1160641,camara,Professora Marcivania,F,PCdoB,AP,Titular,1,1,-2.0005649900881197,0,0
160655,1160655,camara,Ricardo Izar,M,PP,SP,Titular,1,1,3.14542802990867,0,0
160653,1160653,camara,Roberto De Lucena,M,PODE,SP,Titular,1,1,3.60334930395811,0,0
160651,1160651,camara,Rogério Peninha Mendonça,M,MDB,SC,Titular,1,1,5.01347944168225,0,0
160635,1160635,camara,Ruy Carneiro,M,PSDB,PB,Titular,1,1,2.680454479608418,0,0
92776,192776,camara,Stefano Aguiar,M,PSD,MG,Titular,1,1,4.556930227748939,0,0
177282,1177282,camara,Subtenente Gonzaga,M,PDT,MG,Titular,1,1,-0.5530677894582645,0,0
160976,1160976,camara,Tiririca,M,PL,SP,Titular,1,1,0.9237048338443348,0,0
160610,1160610,camara,Valmir Assunção,M,PT,BA,Titular,1,1,-5.930164003005965,1,0.022727272727272728
160591,1160591,camara,Vinicius Gurgel,M,PL,AP,Titular,1,1,9.241089174359939,0,0
160569,1160569,camara,Waldenor Pereira,M,PT,BA,Titular,1,1,-6.339835267817738,1,0.022727272727272728
160518,1160518,camara,Weliton Prado,M,PROS,MG,Titular,1,1,-0.34224272134570377,0,0
160632,1160632,camara,Zé Silva,M,SOLIDARIEDADE,MG,Titular,1,1,3.8459001922670453,0,0
160592,1160592,camara,Zeca Dirceu,M,PT,PR,Titular,1,1,-6.893667523594566,0,0
739,2739,senado,Ciro Nogueira,M,PP,PI,Titular,1,1,4.891674344358954,0,0
4994,24994,senado,Eduardo Braga,M,MDB,AM,Titular,1,1,-0.08168928700753852,0,0
4525,24525,senado,Fernando Collor,M,PROS,AL,Titular,1,1,-5.812077780937416,0,0
5008,25008,senado,Humberto Costa,M,PT,PE,Titular,1,1,-8.709200337096954,0,0
5012,25012,senado,Randolfe Rodrigues,M,REDE,AP,Titular,1,1,-9.49913857636502,0,0
4560,24560,senado,Sérgio Petecão,M,PSD,AC,Titular,1,1,2.2567987001849783,0,0
178836,1178836,camara,Alan Rick,M,DEM,AC,Titular,1,1,4.050102047576136,0,0
178972,1178972,camara,Alex Manente,M,CIDADANIA,SP,Titular,1,1,2.5846653159277206,0,0
178833,1178833,camara,Alexandre Serfiotis,M,PSD,RJ,Titular,1,1,2.0243593103116453,0,0
178927,1178927,camara,Aliel Machado,M,PSB,PR,Titular,1,1,-1.2236533308392055,1,0.05263157894736842
178937,1178937,camara,Altineu Côrtes,M,PL,RJ,Titular,1,1,4.73853578606834,0,0
178881,1178881,camara,Aluisio Mendes,M,PSC,MA,Titular,1,1,5.4417558347271076,0,0
178831,1178831,camara,André Abdon,M,PP,AP,Titular,1,1,8.55775942396756,0,0
178882,1178882,camara,André Fufuca,M,PP,MA,Titular,1,1,5.501368431630452,0,0
69871,169871,camara,Bacelar,M,PODE,BA,Titular,1,1,-3.1194429112506707,0,0
178975,1178975,camara,Baleia Rossi,M,MDB,SP,Titular,1,1,5.3164581747887425,0,0
178948,1178948,camara,Beto Rosado,M,PP,RN,Titular,1,1,4.853357125905706,0,0
93083,193083,camara,Cacá Leão,M,PP,BA,Titular,1,1,6.994131576900422,0,0
178829,1178829,camara,Capitão Augusto,M,PL,SP,Titular,1,1,5.031662587870052,0,0
178924,1178924,camara,Capitão Fábio Abreu,M,PL,PI,Titular,1,1,5.268692356441196,0,0
178962,1178962,camara,Carlos Gomes,M,REPUBLICANOS,RS,Titular,1,1,4.8784795639962315,0,0
178993,1178993,camara,Carlos Henrique Gaguim,M,DEM,TO,Titular,1,1,5.420812975733007,0,0
178876,1178876,camara,Célio Silveira,M,PSDB,GO,Titular,1,1,3.9246294813640077,0,0
178928,1178928,camara,Christiane De Souza Yared,F,PL,PR,Titular,1,1,4.970033278115542,0,0
178939,1178939,camara,Clarissa Garotinho,F,PROS,RJ,Titular,1,1,1.198070253409952,0,0
178916,1178916,camara,Daniel Coelho,M,CIDADANIA,PE,Titular,1,1,2.636208306916142,0,0
178908,1178908,camara,Delegado Éder Mauro,M,PSD,PA,Titular,1,1,6.664844431197842,0,0
178929,1178929,camara,Diego Garcia,M,PODE,PR,Titular,1,1,4.619039192782431,0,0
178994,1178994,camara,Dulce Miranda,F,MDB,TO,Titular,1,1,3.98497550517982,0,0
134812,1134812,camara,Edmilson Rodrigues,M,PSOL,PA,Titular,1,1,-6.475673383390708,1,0.1
92346,192346,camara,Eduardo Bolsonaro,M,PSL,SP,Titular,1,1,8.221551524489811,0,0
178977,1178977,camara,Eduardo Cury,M,PSDB,SP,Titular,1,1,4.0951500259351334,0,0
178854,1178854,camara,Elmar Nascimento,M,DEM,BA,Titular,1,1,4.319673241738407,0,0
132504,1132504,camara,Enio Verri,M,PT,PR,Titular,1,1,-5.737492048680034,1,0.022727272727272728
178871,1178871,camara,Evair Vieira De Melo,M,PP,ES,Titular,1,1,6.322884189488789,0,0
178930,1178930,camara,Roman,M,PATRIOTA,PR,Suplente,1,1,4.866709607105557,0,0
178953,1178953,camara,Expedito Netto,M,PSD,RO,Titular,1,1,2.1562233898470353,0,0
178969,1178969,camara,Fábio Mitidieri,M,PSD,SE,Titular,1,1,2.052057534784712,0,0
66828,166828,camara,Fausto Pinato,M,PP,SP,Titular,1,1,4.2382997344220215,0,0
72442,172442,camara,Felipe Carreras,M,PSB,PE,Titular,1,1,0.716365571124463,0,0
92699,192699,camara,Fernando Monteiro,M,PP,PE,Titular,1,1,4.104744053310283,0,0
191923,1191923,camara,Flávio Nogueira,M,PDT,PI,Titular,1,1,2.3167072708438674,0,0
178966,1178966,camara,Geovania De Sá,F,PSDB,SC,Titular,1,1,3.922938138107966,0,0
178996,1178996,camara,Giovani Feltes,M,MDB,RS,Titular,1,1,4.922196077473082,0,0
178964,1178964,camara,Heitor Schuch,M,PSB,RS,Titular,1,1,-1.3279959082897648,1,0.05263157894736842
178873,1178873,camara,Helder Salomão,M,PT,ES,Titular,1,1,-6.577583260650009,1,0.022727272727272728
178909,1178909,camara,Hélio Leite,M,DEM,PA,Titular,1,1,4.407595833197517,0,0
178981,1178981,camara,Herculano Passos,M,MDB,SP,Titular,1,1,5.017765995294738,0,0
178884,1178884,camara,Hildo Rocha,M,MDB,MA,Titular,1,1,4.0278490305007395,0,0
178959,1178959,camara,Hiran Gonçalves,M,PP,RR,Titular,1,1,4.678355765121744,0,0
178839,1178839,camara,Jéssica Sales,F,MDB,AC,Titular,1,1,3.678943850739582,0,0
178842,1178842,camara,Jhc,M,PSB,AL,Titular,1,1,0.28328345753358164,0,0
178970,1178970,camara,João Daniel,M,PT,SE,Titular,1,1,-4.6726245652190945,1,0.022727272727272728
112437,1112437,camara,João Marcelo Souza,M,MDB,MA,Titular,1,1,5.440207423004582,0,0
178910,1178910,camara,Joaquim Passarinho,M,PSD,PA,Titular,1,1,5.392772360764022,0,0
178857,1178857,camara,Jorge Solla,M,PT,BA,Titular,1,1,-5.766272060665814,1,0.022727272727272728
178886,1178886,camara,Juscelino Filho,M,DEM,MA,Titular,1,1,4.304150677774768,0,0
178832,1178832,camara,Leandre,F,PV,PR,Titular,1,1,1.7472157191099456,0,0
178825,1178825,camara,Leo De Brito,M,PT,AC,Titular,1,1,NA,0,0
196358,1196358,camara,Lourival Gomes,M,PSL,RJ,Titular,1,1,4.494081327333788,0,0
178879,1178879,camara,Lucas Vergilio,M,SOLIDARIEDADE,GO,Titular,1,1,4.415140940454496,0,0
178931,1178931,camara,Luciano Ducci,M,PSB,PR,Titular,1,1,-0.04383201046088736,0,0
178954,1178954,camara,Lucio Mosquini,M,MDB,RO,Titular,1,1,3.7978700391177345,0,0
178866,1178866,camara,Luizianne Lins,F,PT,CE,Titular,1,1,-4.283959740056849,1,0.022727272727272728
146788,1146788,camara,Marcelo Aro,M,PP,MG,Titular,1,1,7.435211820038546,0,0
178983,1178983,camara,Marcio Alvino,M,PL,SP,Titular,1,1,5.919440913198821,0,0
179001,1179001,camara,Márcio Biolchi,M,MDB,RS,Titular,1,1,5.323603944520842,0,0
178956,1178956,camara,Mariana Carvalho,F,PSDB,RO,Titular,1,1,3.7719159198988237,0,0
178858,1178858,camara,Mário Negromonte Jr.,M,PP,BA,Titular,1,1,3.341489624648835,0,0
178843,1178843,camara,Marx Beltrão,M,PSD,AL,Titular,1,1,4.889703892554786,0,0
188097,1188097,camara,Merlong Solano,M,PT,PI,Efetivado,1,1,-5.474095797157822,1,0.022727272727272728
178985,1178985,camara,Miguel Lombardi,M,PL,SP,Titular,1,1,3.8518456847129805,0,0
178895,1178895,camara,Misael Varella,M,PSD,MG,Titular,1,1,4.332893002668525,0,0
178997,1178997,camara,Moses Rodrigues,M,MDB,CE,Titular,1,1,4.006297557652061,0,0
178896,1178896,camara,Newton Cardoso Jr,M,MDB,MG,Titular,1,1,4.372555358667254,0,0
178986,1178986,camara,Nilto Tatto,M,PT,SP,Titular,1,1,-7.04428740843443,2,1.0227272727272727
194260,1194260,camara,Nivaldo Albuquerque,M,PTB,AL,Titular,1,1,4.47173302679203,0,0
66179,166179,camara,Norma Ayub,F,DEM,ES,Titular,1,1,3.7344647918025338,0,0
178987,1178987,camara,Orlando Silva,M,PCdoB,SP,Titular,1,1,-1.6512291658071856,0,0
178860,1178860,camara,Paulo Azi,M,DEM,BA,Titular,1,1,4.422213143339286,0,0
193726,1193726,camara,Paulo Eduardo Martins,M,PSC,PR,Titular,1,1,6.406915106462193,0,0
178912,1178912,camara,Pedro Cunha Lima,M,PSDB,PB,Titular,1,1,3.2981519410567994,0,0
178951,1178951,camara,Rafael Motta,M,PSB,RN,Titular,1,1,-1.1583395868860116,1,0.05263157894736842
178925,1178925,camara,Rejane Dias,F,PT,PI,Titular,1,1,-3.5717809483454133,0,0
178989,1178989,camara,Renata Abreu,F,PODE,SP,Titular,1,1,2.7705563312625596,0,0
178920,1178920,camara,Ricardo Teobaldo,M,PODE,PE,Titular,1,1,3.740740079862455,0,0
178861,1178861,camara,Ronaldo Carletto,M,PP,BA,Titular,1,1,7.895257006666089,0,0
122466,1122466,camara,Ronaldo Martins,M,REPUBLICANOS,CE,Suplente,1,1,6.645841037940713,0,0
178945,1178945,camara,Rosangela Gomes,F,REPUBLICANOS,RJ,Titular,1,1,4.57065767990564,0,0
178887,1178887,camara,Rubens Pereira Júnior,M,PCdoB,MA,Titular,1,1,-3.6276524755272384,0,0
178990,1178990,camara,Samuel Moreira,M,PSDB,SP,Titular,1,1,3.776865660959306,0,0
178921,1178921,camara,Sebastião Oliveira,M,AVANTE,PE,Titular,1,1,5.893061376017101,0,0
178933,1178933,camara,Sergio Souza,M,MDB,PR,Titular,1,1,4.983428243503589,0,0
178874,1178874,camara,Sergio Vidigal,M,PDT,ES,Titular,1,1,-1.100425095966843,0,0
178961,1178961,camara,Shéridan,F,PSDB,RR,Titular,1,1,3.0173368282067123,0,0
178946,1178946,camara,Soraya Santos,F,PL,RJ,Titular,1,1,4.861894891731161,0,0
178947,1178947,camara,Sóstenes Cavalcante,M,DEM,RJ,Titular,1,1,4.714451165974241,0,0
178922,1178922,camara,Tadeu Alencar,M,PSB,PE,Titular,1,1,-1.6651081561358048,1,0.05263157894736842
178934,1178934,camara,Toninho Wandscheer,M,PROS,PR,Titular,1,1,5.044254235888779,0,0
178863,1178863,camara,Uldurico Junior,M,PROS,BA,Titular,1,1,3.4353570713179877,0,0
195866,1195866,camara,Vaidon Oliveira,M,PROS,CE,Titular,1,1,4.5583487873738715,0,0
137070,1137070,camara,Vicentinho Júnior,M,PL,TO,Titular,1,1,6.356871444938633,0,0
178992,1178992,camara,Vitor Lippi,M,PSDB,SP,Titular,1,1,3.790341678267314,0,0
178952,1178952,camara,Walter Alves,M,MDB,RN,Titular,1,1,4.746027958339811,0,0
178889,1178889,camara,Zé Carlos,M,PT,MA,Titular,1,1,-4.737840465481652,0,0
5529,25529,senado,Antonio Anastasia,M,PSD,MG,Titular,1,1,3.4645692607818273,0,0
3830,23830,senado,Davi Alcolumbre,M,DEM,AP,Titular,1,1,-1.4227157360568707,0,0
5537,25537,senado,Dário Berger,M,MDB,SC,Titular,1,1,-1.9873002252207854,0,0
5531,25531,senado,Elmano Férrer,M,PP,PI,Titular,1,1,5.569303275652333,0,0
5540,25540,senado,Fernando Bezerra Coelho,M,MDB,PE,Titular,1,1,8.987401324944308,0,0
5627,25627,senado,Jean Paul Prates,M,PT,RN,1º Suplente,1,1,-9.900226890929455,0,0
5533,25533,senado,Lasier Martins,M,PODEMOS,RS,Titular,1,1,-1.7671600887602974,0,0
5585,25585,senado,Luiz do Carmo,M,MDB,GO,1º Suplente,1,1,4.453900240776004,0,0
5557,25557,senado,Mailza Gomes,F,PP,AC,1º Suplente,1,1,1.8871678208083011,0,0
5525,25525,senado,Omar Aziz,M,PSD,AM,Titular,1,1,-0.6672919026601036,0,0
5523,25523,senado,Otto Alencar,M,PSD,BA,Titular,1,1,-4.574315069148998,0,0
374,2374,senado,Paulo Rocha,M,PT,PA,Titular,1,1,-9.877485918562256,0,0
5236,25236,senado,Reguffe,M,PODEMOS,DF,Titular,1,1,-5.230989093333466,0,0
677,2677,senado,Roberto Rocha,M,PSDB,MA,Titular,1,1,2.9671775893541135,0,0
5322,25322,senado,Romário,M,PODEMOS,RJ,Titular,1,1,0.8831273841144345,0,0
2331,22331,senado,Rose de Freitas,F,PODEMOS,ES,Titular,1,1,-2.362481656377085,0,0
5527,25527,senado,Simone Tebet,F,MDB,MS,Titular,1,1,1.3062755676367246,0,0
5535,25535,senado,Telmário Mota,M,PROS,RR,Titular,1,1,5.796449784529576,0,0
1173,21173,senado,Wellington Fagundes,M,PL,MT,Titular,1,1,-0.1420820224852175,0,0
204554,1204554,camara,Abílio Santana,M,PL,BA,Titular,1,1,5.177588942952703,0,0
204521,1204521,camara,Abou Anni,M,PSL,SP,Titular,1,1,4.787218496907698,0,0
204379,1204379,camara,Acácio Favacho,M,PROS,AP,Titular,1,1,4.988906209337301,0,0
204560,1204560,camara,Adolfo Viana,M,PSDB,BA,Titular,1,1,4.265913309300014,0,0
204528,1204528,camara,Adriana Ventura,F,NOVO,SP,Titular,1,1,5.8341673020696145,0,0
121948,1121948,camara,Adriano Do Baldy,M,PP,GO,Titular,1,1,8.306237875616283,0,0
204495,1204495,camara,Airton Faleiro,M,PT,PA,Titular,1,1,-4.030542436796088,3,1.5227272727272727
204549,1204549,camara,Aj Albuquerque,M,PP,CE,Titular,1,1,6.379843456578001,0,0
204413,1204413,camara,Alcides Rodrigues,M,PATRIOTA,GO,Titular,1,1,6.725604587228023,0,0
204545,1204545,camara,Alê Silva,F,PSL,MG,Titular,1,1,6.784773464193112,0,0
204501,1204501,camara,Alencar Santana Braga,M,PT,SP,Titular,1,1,-6.615933131211166,1,0.022727272727272728
204571,1204571,camara,Alex Santana,M,PDT,BA,Titular,1,1,1.8623912521360921,0,0
204544,1204544,camara,Alexandre Frota,M,PSDB,SP,Titular,1,1,1.9223966090740259,0,0
204503,1204503,camara,Alexandre Padilha,M,PT,SP,Titular,1,1,-6.363329008817578,1,0.022727272727272728
204516,1204516,camara,Alexis Fonteyne,M,NOVO,SP,Titular,1,1,5.740379840226717,0,0
204353,1204353,camara,Aline Gurgel,F,REPUBLICANOS,AP,Titular,1,1,3.3843928945113966,0,0
204400,1204400,camara,Aline Sleutjes,F,PSL,PR,Titular,1,1,9.051240767343337,0,0
204356,1204356,camara,Amaro Neto,M,REPUBLICANOS,ES,Titular,1,1,5.211263693853594,0,0
204423,1204423,camara,André Ferreira,M,PSC,PE,Titular,1,1,5.766778189489447,0,0
204515,1204515,camara,André Janones,M,AVANTE,MG,Titular,1,1,0.16649256187062633,0,0
204414,1204414,camara,Aroldo Martins,M,REPUBLICANOS,PR,Titular,1,1,5.1521638186743175,0,0
204509,1204509,camara,Áurea Carolina,F,PSOL,MG,Titular,1,1,-8.703365880613536,1,0.1
109429,1109429,camara,Benes Leocádio,M,REPUBLICANOS,RN,Titular,1,1,4.871357872228785,0,0
204358,1204358,camara,Beto Pereira,M,PSDB,MS,Titular,1,1,3.829451838284143,0,0
207176,1207176,camara,Bia Cavassa,F,PSDB,MS,Suplente,1,1,3.3081489841010114,0,0
204374,1204374,camara,Bia Kicis,F,PSL,DF,Titular,1,1,10,0,0
204388,1204388,camara,Bibo Nunes,M,PSL,RS,Titular,1,1,7.013940565807001,0,0
204561,1204561,camara,Bira Do Pindaré,M,PSB,MA,Titular,1,1,-2.3571877716382303,1,0.05263157894736842
204397,1204397,camara,Boca Aberta,M,PROS,PR,Titular,1,1,1.1047743750083399,0,0
204551,1204551,camara,Bosco Saraiva,M,SOLIDARIEDADE,AM,Titular,1,1,4.317202057497745,0,0
204502,1204502,camara,Bozzella,M,PSL,SP,Titular,1,1,4.627935066499841,0,0
204352,1204352,camara,Camilo Capiberibe,M,PSB,AP,Titular,1,1,-2.0397873596633147,1,0.05263157894736842
204572,1204572,camara,Capitão Alberto Neto,M,REPUBLICANOS,AM,Titular,1,1,5.209659962931161,0,0
204487,1204487,camara,Capitão Wagner,M,PROS,CE,Titular,1,1,2.2438209551058925,0,0
213762,1213762,camara,Carla Dickson,F,PROS,RN,Suplente,1,1,2.7716000943749535,0,0
204507,1204507,camara,Carla Zambelli,F,PSL,SP,Titular,1,1,7.478056898550424,0,0
204361,1204361,camara,Carlos Chiodini,M,MDB,SC,Titular,1,1,5.062974860827376,0,0
204460,1204460,camara,Carlos Jordy,M,PSL,RJ,Titular,1,1,7.175182810368309,0,0
204426,1204426,camara,Carlos Veras,M,PT,PE,Titular,1,1,-6.6381561454170885,1,0.022727272727272728
204369,1204369,camara,Caroline De Toni,F,PSL,SC,Titular,1,1,8.402132091038407,0,0
204499,1204499,camara,Cássio Andrade,M,PSB,PA,Titular,1,1,0.16776191500351523,0,0
204370,1204370,camara,Célio Moura,M,PT,TO,Titular,1,1,-3.874477464223572,1,0.022727272727272728
204488,1204488,camara,Célio Studart,M,PV,CE,Titular,1,1,-0.43727079680068215,1,1
204496,1204496,camara,Celso Sabino,M,PSDB,PA,Titular,1,1,4.1123875969344645,0,0
204504,1204504,camara,Cezinha De Madureira,M,PSD,SP,Titular,1,1,5.998663691079166,0,0
205476,1205476,camara,Charles Fernandes,M,PSD,BA,Titular,1,1,2.7013945487495494,0,0
204490,1204490,camara,Charlles Evangelista,M,PSL,MG,Titular,1,1,5.6170663382127515,0,0
204476,1204476,camara,Chiquinho Brazão,M,AVANTE,RJ,Titular,1,1,4.627529177817113,0,0
204462,1204462,camara,Chris Tonietto,F,PSL,RJ,Titular,1,1,8.948614812812611,0,0
204440,1204440,camara,Christino Aureo,M,PP,RJ,Titular,1,1,4.276354126637756,0,0
204376,1204376,camara,Coronel Armando,M,PSL,SC,Titular,1,1,7.741605578490837,0,0
204378,1204378,camara,Coronel Chrisóstomo,M,PSL,RO,Titular,1,1,7.204640407801865,0,0
204514,1204514,camara,Coronel Tadeu,M,PSL,SP,Titular,1,1,5.867946811534919,0,0
135054,1135054,camara,Cristiano Vale,M,PL,PA,Titular,1,1,5.764392316592865,0,0
204355,1204355,camara,Da Vitoria,M,CIDADANIA,ES,Titular,1,1,3.3555755468035606,0,0
204367,1204367,camara,Daniel Freitas,M,PSL,SC,Titular,1,1,7.617552863623473,0,0
204454,1204454,camara,Daniel Silveira,M,PSL,RJ,Titular,1,1,7.215764827800214,0,0
204409,1204409,camara,Daniel Trzeciak,M,PSDB,RS,Titular,1,1,3.7899818370231024,0,0
204459,1204459,camara,Daniela Do Waguinho,F,MDB,RJ,Titular,1,1,4.441483130831294,0,0
205548,1205548,camara,David Miranda,M,PSOL,RJ,Efetivado,1,1,-5.245995552196576,1,0.1
204511,1204511,camara,David Soares,M,DEM,SP,Titular,1,1,4.086977500808377,0,0
204451,1204451,camara,Delegado Antônio Furtado,M,PSL,RJ,Titular,1,1,3.4992460698125036,0,0
204512,1204512,camara,Delegado Marcelo Freitas,M,PSL,MG,Titular,1,1,5.250225608417519,0,0
204569,1204569,camara,Delegado Pablo,M,PSL,AM,Titular,1,1,5.32030782086631,0,0
204542,1204542,camara,Denis Bezerra,M,PSB,CE,Titular,1,1,-1.9292481557916723,1,0.05263157894736842
204518,1204518,camara,Dr. Frederico,M,PATRIOTA,MG,Titular,1,1,4.776341882807335,0,0
204481,1204481,camara,Dr. Jaziel,M,PL,CE,Titular,1,1,6.190851661274014,0,0
204439,1204439,camara,Dr. Leonardo,M,SOLIDARIEDADE,MT,Titular,1,1,3.4075139350562225,0,0
204450,1204450,camara,Dr. Luiz Antonio Teixeira Jr.,M,PP,RJ,Titular,1,1,4.632856671567801,0,0
204351,1204351,camara,Dr. Luiz Ovando,M,PSL,MS,Titular,1,1,7.225754156664987,0,0
204412,1204412,camara,Dr. Zacharias Calil,M,DEM,GO,Titular,1,1,4.26073864754575,0,0
81297,181297,camara,Dra. Soraya Manato,F,PSL,ES,Titular,1,1,6.465060013761082,0,0
204434,1204434,camara,Dra. Vanda Milani,F,SOLIDARIEDADE,AC,Titular,1,1,3.6645296675659527,0,0
204562,1204562,camara,Edilázio Júnior,M,PSD,MA,Titular,1,1,5.71643534721626,0,0
204421,1204421,camara,Edna Henrique,F,PSDB,PB,Titular,1,1,2.7540427978983235,0,0
204541,1204541,camara,Eduardo Bismarck,M,PDT,CE,Titular,1,1,0.6755208364679088,0,0
204552,1204552,camara,Eduardo Braide,M,PODE,MA,Titular,1,1,0.3043377207825042,0,0
204500,1204500,camara,Eduardo Costa,M,PTB,PA,Titular,1,1,3.968555999628663,0,0
204364,1204364,camara,Eli Borges,M,SOLIDARIEDADE,TO,Titular,1,1,2.8405671939670913,0,0
204389,1204389,camara,Elias Vaz,M,PSB,GO,Titular,1,1,-2.181965636630993,1,0.05263157894736842
198783,1198783,camara,Emanuel Pinheiro Neto,M,PTB,MT,Titular,1,1,3.5147353595738657,0,0
161550,1161550,camara,Emidinho Madeira,M,PSB,MG,Titular,1,1,2.3200162271548557,0,0
207309,1207309,camara,Enéias Reis,M,PSL,MG,Suplente,1,1,5.902452528836106,0,0
204537,1204537,camara,Enrico Misasi,M,PV,SP,Titular,1,1,2.3148839507705183,0,0
204482,1204482,camara,Euclydes Pettersen,M,PSC,MG,Titular,1,1,4.980769399331663,0,0
68720,168720,camara,Fábio Henrique,M,PDT,SE,Titular,1,1,-0.12839972580148284,0,0
204368,1204368,camara,Fabio Schiochet,M,PSL,SC,Titular,1,1,5.981083628609358,0,0
204477,1204477,camara,Felício Laterça,M,PSL,RJ,Titular,1,1,4.970867542366992,0,0
204398,1204398,camara,Felipe Francischini,M,PSL,PR,Titular,1,1,5.963573016115596,0,0
204371,1204371,camara,Felipe Rigoni,M,PSB,ES,Titular,1,1,1.205517915617996,0,0
204407,1204407,camara,Fernanda Melchionna,F,PSOL,RS,Titular,1,1,-6.945186197235214,1,0.1
204427,1204427,camara,Fernando Rodolfo,M,PL,PE,Titular,1,1,3.652887983024801,0,0
204411,1204411,camara,Filipe Barros,M,PSL,PR,Titular,1,1,7.312454670215651,0,0
204354,1204354,camara,Flávia Arruda,F,PL,DF,Titular,1,1,4.414310099973839,0,0
204447,1204447,camara,Flordelis,F,PSD,RJ,Titular,1,1,4.9251466886848565,0,0
204392,1204392,camara,Francisco Jr.,M,PSD,GO,Titular,1,1,4.946942929100345,0,0
204510,1204510,camara,Franco Cartafina,M,PP,MG,Titular,1,1,4.002846702850334,0,0
204494,1204494,camara,Fred Costa,M,PATRIOTA,MG,Titular,1,1,3.729660848433358,0,0
204393,1204393,camara,Frei Anastacio Ribeiro,M,PT,PB,Titular,1,1,-4.390957955735883,1,0.022727272727272728
115746,1115746,camara,Gelson Azevedo,M,PL,RJ,Titular,1,1,6.30519633589196,0,0
204473,1204473,camara,General Girão,M,PSL,RN,Titular,1,1,8.023710324434557,0,0
204484,1204484,camara,General Peternelli,M,PSL,SP,Titular,1,1,6.037378263892808,0,0
204527,1204527,camara,Geninho Zuliani,M,DEM,SP,Titular,1,1,4.621587200189051,0,0
204394,1204394,camara,Gervásio Maia,M,PSB,PB,Titular,1,1,-1.9957429463000942,1,0.05263157894736842
204575,1204575,camara,Gil Cutrim,M,PDT,MA,Titular,1,1,3.02981591506693,0,0
204491,1204491,camara,Gilberto Abramo,M,REPUBLICANOS,MG,Titular,1,1,4.960826156086483,0,0
204365,1204365,camara,Gilson Marques,M,NOVO,SC,Titular,1,1,5.8751882276919805,0,0
204419,1204419,camara,Glaustin Da Fokus,M,PSC,GO,Titular,1,1,3.7697111970239323,0,0
107283,1107283,camara,Gleisi Hoffmann,F,PT,PR,Titular,1,1,-5.168858004188168,1,0.022727272727272728
198197,1198197,camara,Greyce Elias,F,AVANTE,MG,Titular,1,1,4.363861072097388,0,0
204513,1204513,camara,Guiga Peixoto,M,PSL,SP,Titular,1,1,6.740929368997968,0,0
204531,1204531,camara,Guilherme Derrite,M,PP,SP,Titular,1,1,6.432020548847461,0,0
204442,1204442,camara,Gurgel,M,PSL,RJ,Titular,1,1,5.546111040391658,0,0
204408,1204408,camara,Gustinho Ribeiro,M,SOLIDARIEDADE,SE,Titular,1,1,4.056213719673936,0,0
204456,1204456,camara,Gutemberg Reis,M,MDB,RJ,Titular,1,1,5.077385074662109,0,0
204465,1204465,camara,Haroldo Cathedral,M,PSD,RR,Titular,1,1,4.5348498337441345,0,0
204548,1204548,camara,Heitor Freire,M,PSL,CE,Titular,1,1,5.268476558142037,0,0
204373,1204373,camara,Hélio Costa,M,REPUBLICANOS,SC,Titular,1,1,3.3435204002606493,0,0
204444,1204444,camara,Helio Lopes,M,PSL,RJ,Titular,1,1,8.895054507011679,0,0
204539,1204539,camara,Hercílio Coelho Diniz,M,MDB,MG,Titular,1,1,4.170716846728201,0,0
204533,1204533,camara,Idilvan Alencar,M,PDT,CE,Titular,1,1,-1.3686807371249685,0,0
204564,1204564,camara,Igor Kannário,M,DEM,BA,Titular,1,1,2.899262234420677,0,0
204508,1204508,camara,Igor Timo,M,PODE,MG,Titular,1,1,3.35004562483968,0,0
204436,1204436,camara,Isnaldo Bulhões Jr.,M,MDB,AL,Titular,1,1,5.438166191496489,0,0
108338,1108338,camara,Jaqueline Cassol,F,PP,RO,Titular,1,1,4.948046665213832,0,0
204435,1204435,camara,Jesus Sérgio,M,PDT,AC,Titular,1,1,0.4246878647449126,0,0
204429,1204429,camara,João H. Campos,M,PSB,PE,Titular,1,1,-1.8925427111262003,2,0.07535885167464115
204576,1204576,camara,João Roma,M,REPUBLICANOS,BA,Titular,1,1,5.387075479484265,0,0
204468,1204468,camara,Joenia Wapichana,F,REDE,RR,Titular,1,1,-1.5636470208392428,0,0
204546,1204546,camara,Joice Hasselmann,F,PSL,SP,Titular,1,1,4.3803817426937,0,0
205550,1205550,camara,Jorge Braz,M,REPUBLICANOS,RJ,Efetivado,1,1,4.766086312993526,0,0
214694,1214694,camara,Jorge Goetten,M,PL,SC,Suplente,1,1,NA,0,0
204386,1204386,camara,Jose Mario Schreiner,M,DEM,GO,Titular,1,1,4.45162637211283,0,0
204472,1204472,camara,José Medeiros,M,PODE,MT,Titular,1,1,6.702244811224038,0,0
204391,1204391,camara,José Nelto,M,PODE,GO,Titular,1,1,3.0822943560457823,0,0
204555,1204555,camara,José Ricardo,M,PT,AM,Titular,1,1,-5.055618652625956,1,0.5
209189,1209189,camara,Joseildo Ramos,M,PT,BA,Suplente,1,1,-5.523206699725306,1,0.022727272727272728
204563,1204563,camara,Josimar Maranhãozinho,M,PL,MA,Titular,1,1,5.9770450069255165,0,0
204474,1204474,camara,Juarez Costa,M,MDB,MT,Titular,1,1,4.6419522367448,0,0
204420,1204420,camara,Julian Lemos,M,PSL,PB,Titular,1,1,5.471308272895072,0,0
204372,1204372,camara,Julio Cesar Ribeiro,M,REPUBLICANOS,DF,Titular,1,1,4.898568123382541,0,0
204457,1204457,camara,Juninho Do Pneu,M,DEM,RJ,Titular,1,1,4.494224388470805,0,0
204520,1204520,camara,Junio Amaral,M,PSL,MG,Titular,1,1,7.2499424526231095,0,0
204497,1204497,camara,Júnior Ferrari,M,PSD,PA,Titular,1,1,4.577260213851499,0,0
204574,1204574,camara,Junior Lourenço,M,PL,MA,Titular,1,1,5.904885813738797,0,0
204550,1204550,camara,Júnior Mano,M,PL,CE,Titular,1,1,5.596122386990057,0,0
204536,1204536,camara,Kim Kataguiri,M,DEM,SP,Titular,1,1,5.436594803857284,0,0
98057,198057,camara,Lafayette De Andrada,M,REPUBLICANOS,MG,Titular,1,1,5.014582763650271,0,0
160534,1160534,camara,Lauriete,F,PSC,ES,Titular,1,1,5.225278877693656,0,0
204375,1204375,camara,Leda Sadala,F,AVANTE,AP,Titular,1,1,4.328707820026326,0,0
204359,1204359,camara,Léo Moraes,M,PODE,RO,Titular,1,1,3.3161031397567324,0,0
204547,1204547,camara,Léo Motta,M,PSL,MG,Titular,1,1,5.524114562202847,0,0
92102,192102,camara,Leur Lomanto Júnior,M,DEM,BA,Titular,1,1,5.178354098397362,0,0
204405,1204405,camara,Liziane Bayer,F,PSB,RS,Titular,1,1,1.0230012888766673,0,0
204382,1204382,camara,Loester Trutis,M,PSL,MS,Titular,1,1,4.511211598684291,0,0
204523,1204523,camara,Lucas Gonzalez,M,NOVO,MG,Titular,1,1,5.960543210579019,0,0
204404,1204404,camara,Lucas Redecker,M,PSDB,RS,Titular,1,1,3.9698497600645766,0,0
204381,1204381,camara,Luis Miranda,M,DEM,DF,Titular,1,1,4.362144511981816,0,0
204410,1204410,camara,Luisa Canziani,F,PTB,PR,Titular,1,1,4.412489371592001,0,0
204448,1204448,camara,Luiz Antônio Corrêa,M,PL,RJ,Titular,1,1,4.5327030118604394,0,0
204485,1204485,camara,Luiz Carlos Motta,M,PL,SP,Titular,1,1,3.615056443854778,0,0
204455,1204455,camara,Luiz Lima,M,PSL,RJ,Titular,1,1,8.136565921304623,0,0
204526,1204526,camara,Luiz Philippe De Orleans e Bragança,M,PSL,SP,Titular,1,1,7.998924918300759,0,0
204418,1204418,camara,Luizão Goulart,M,REPUBLICANOS,PR,Titular,1,1,4.204575435193371,0,0
204458,1204458,camara,Major Fabiana,F,PSL,RJ,Titular,1,1,9.13763902983338,0,0
204471,1204471,camara,Mara Rocha,F,PSDB,AC,Titular,1,1,2.7854832260037448,0,0
156190,1156190,camara,Marcel Van Hattem,M,NOVO,RS,Titular,1,1,5.939947708976623,0,0
205863,1205863,camara,Marcelo Brum,M,PSL,RS,Suplente,1,1,6.785531193147023,0,0
204433,1204433,camara,Marcelo Calero,M,CIDADANIA,RJ,Titular,1,1,1.7954096585996009,0,0
76874,176874,camara,Marcelo Freixo,M,PSOL,RJ,Titular,1,1,-6.618833899367319,2,0.12272727272727274
133810,1133810,camara,Marcelo Moraes,M,PTB,RS,Titular,1,1,3.4079096785049856,0,0
204558,1204558,camara,Marcelo Nilo,M,PSB,BA,Titular,1,1,-1.892598417708033,1,0.05263157894736842
204556,1204556,camara,Marcelo Ramos,M,PL,AM,Titular,1,1,6.592294124359178,0,0
81055,181055,camara,Márcio Jerry,M,PCdoB,MA,Titular,1,1,-1.9985841819462173,0,0
204452,1204452,camara,Márcio Labre,M,PSL,RJ,Titular,1,1,8.44922725652484,0,0
204522,1204522,camara,Marco Bertaiolli,M,PSD,SP,Titular,1,1,4.306620816103273,0,0
204431,1204431,camara,Marcos Aurélio Sampaio,M,MDB,PI,Titular,1,1,5.468373568003976,0,0
204506,1204506,camara,Marcos Pereira,M,REPUBLICANOS,SP,Titular,1,1,5.235925594967563,0,0
204430,1204430,camara,Margarete Coelho,F,PP,PI,Titular,1,1,3.8916456110438897,0,0
204540,1204540,camara,Maria Rosas,F,REPUBLICANOS,SP,Titular,1,1,4.968087182686142,0,0
204428,1204428,camara,Marília Arraes,F,PT,PE,Titular,1,1,-6.303605208878318,1,0.022727272727272728
204432,1204432,camara,Marina Santos,F,SOLIDARIEDADE,PI,Titular,1,1,3.9514131421491463,0,0
204403,1204403,camara,Marlon Santos,M,PDT,RS,Titular,1,1,2.383659207016521,0,0
204566,1204566,camara,Marreca Filho,M,PATRIOTA,MA,Titular,1,1,4.189078414746314,0,0
204486,1204486,camara,Mauro Benevides Filho,M,PDT,CE,Titular,1,1,-0.6562858041808166,0,0
204453,1204453,camara,Natália Bonavides,F,PT,RN,Titular,1,1,-9.060937563996095,1,0.022727272727272728
204449,1204449,camara,Nelson Barbudo,M,PSL,MT,Titular,1,1,8.333393683068692,0,0
204415,1204415,camara,Nereu Crispim,M,PSL,RS,Titular,1,1,5.050990058390266,0,0
204479,1204479,camara,Nicoletti,M,PSL,RR,Titular,1,1,5.555835744136754,0,0
214445,1214445,camara,Nilson F. Stainsack,M,PP,SC,Suplente,1,1,NA,0,0
204498,1204498,camara,Olival Marques,M,DEM,PA,Titular,1,1,4.499785107081792,0,0
204363,1204363,camara,Osires Damaso,M,PSC,TO,Titular,1,1,3.8527690546889986,0,0
204422,1204422,camara,Ossesio Silva,M,REPUBLICANOS,PE,Titular,1,1,4.879480472295363,0,0
204441,1204441,camara,Otoni De Paula,M,PSC,RJ,Titular,1,1,5.041549213199705,0,0
204573,1204573,camara,Otto Alencar Filho,M,PSD,BA,Titular,1,1,2.3142807007366013,0,0
204570,1204570,camara,Pastor Gil,M,PL,MA,Titular,1,1,5.6370803627192085,0,0
204553,1204553,camara,Pastor Sargento Isidório,M,AVANTE,BA,Titular,1,1,0.02919433535244309,0,0
204377,1204377,camara,Paula Belmonte,F,CIDADANIA,DF,Titular,1,1,3.548489913215864,0,0
204538,1204538,camara,Paulo Bengtson,M,PTB,PA,Titular,1,1,4.434598430074143,0,0
204461,1204461,camara,Paulo Ganime,M,NOVO,RJ,Titular,1,1,6.07094347383622,0,0
204492,1204492,camara,Paulo Guedes,M,PT,MG,Titular,1,1,-6.872659882451252,1,0.022727272727272728
133968,1133968,camara,Paulo Ramos,M,PDT,RJ,Titular,1,1,-1.4070169637001442,0,0
90201,190201,camara,Pedro Augusto Bezerra,M,PTB,CE,Titular,1,1,3.1724801290121523,0,0
122974,1122974,camara,Pedro Lucas Fernandes,M,PTB,MA,Titular,1,1,4.964982654937167,0,0
204395,1204395,camara,Pedro Lupion,M,DEM,PR,Titular,1,1,6.526836350298357,0,0
204406,1204406,camara,Pedro Westphalen,M,PP,RS,Titular,1,1,5.873489239298586,0,0
204524,1204524,camara,Pinheirinho,M,PP,MG,Titular,1,1,7.205329176164309,0,0
204529,1204529,camara,Policial Katia Sastre,F,PL,SP,Titular,1,1,5.949972196910254,0,0
204390,1204390,camara,Professor Alcides,M,PP,GO,Titular,1,1,5.8605317088779465,0,0
204383,1204383,camara,Professor Israel Batista,M,PV,DF,Titular,1,1,-0.4877330730596583,0,0
204446,1204446,camara,Professor Joziel,M,PSL,RJ,Titular,1,1,6.036474895115518,0,0
204565,1204565,camara,Professora Dayane Pimentel,F,PSL,BA,Titular,1,1,4.990991659158384,0,0
204467,1204467,camara,Professora Rosa Neide,F,PT,MT,Titular,1,1,-5.281433300931113,1,0.022727272727272728
204567,1204567,camara,Raimundo Costa,M,PL,BA,Titular,1,1,5.182029256797902,0,0
205865,1205865,camara,Reinhold Stephanes Junior,M,PSD,PR,Suplente,1,1,5.352748446535005,0,0
214477,1214477,camara,Renato Queiroz,M,MDB,RR,Suplente,1,1,NA,0,0
204362,1204362,camara,Ricardo Guidi,M,PSD,SC,Titular,1,1,5.773220882572927,0,0
213274,1213274,camara,Ricardo Silva,M,PSB,SP,Efetivado,1,1,-0.5171272276942425,0,0
204489,1204489,camara,Robério Monteiro,M,PDT,CE,Titular,1,1,-0.4059649988273346,0,0
74305,174305,camara,Roberto Pessoa,M,PSDB,CE,Titular,1,1,4.255729691722827,0,0
204530,1204530,camara,Rodrigo Agostinho,M,PSB,SP,Titular,1,1,-0.6602588199704122,1,0.05263157894736842
204366,1204366,camara,Rodrigo Coelho,M,PSB,SC,Titular,1,1,3.621331847894746,0,0
204480,1204480,camara,Rogério Correia,M,PT,MG,Titular,1,1,-8.551519378973175,1,0.022727272727272728
204525,1204525,camara,Rosana Valle,F,PSB,SP,Titular,1,1,0.45672943132933597,0,0
204357,1204357,camara,Rose Modesto,F,PSDB,MS,Titular,1,1,3.040003310803286,0,0
204535,1204535,camara,Sâmia Bomfim,F,PSOL,SP,Titular,1,1,-5.2750668607101865,1,0.1
204416,1204416,camara,Sanderson,M,PSL,RS,Titular,1,1,6.553359452423646,0,0
90842,190842,camara,Santini,M,PTB,RS,Suplente,1,1,4.063527339404079,0,0
204387,1204387,camara,Sargento Fahur,M,PSD,PR,Titular,1,1,5.007071398762044,0,0
204399,1204399,camara,Schiavinato,M,PP,PR,Titular,1,1,5.844008814666319,0,0
204438,1204438,camara,Sergio Toledo,M,PL,AL,Titular,1,1,6.20552073714947,0,0
204437,1204437,camara,Severino Pessoa,M,REPUBLICANOS,AL,Titular,1,1,4.311549933285102,0,0
204557,1204557,camara,Sidney Leite,M,PSD,AM,Titular,1,1,3.656551406040137,0,0
204360,1204360,camara,Silvia Cristina,F,PDT,RO,Titular,1,1,0.389882290490986,0,0
204425,1204425,camara,Silvio Costa Filho,M,REPUBLICANOS,PE,Titular,1,1,4.514692014984696,0,0
204534,1204534,camara,Tabata Amaral,F,PDT,SP,Titular,1,1,0.13268069538656846,1,1
204464,1204464,camara,Talíria Petrone,F,PSOL,RJ,Titular,1,1,-9.280882638012695,1,0.1
206231,1206231,camara,Ted Conti,M,PSB,ES,Suplente,1,1,-0.4849080046225964,1,0.05263157894736842
204466,1204466,camara,Tereza Nelma,F,PSDB,AL,Titular,1,1,2.404243625052157,0,0
143084,1143084,camara,Tiago Dimas,M,SOLIDARIEDADE,TO,Titular,1,1,3.1293816659413807,0,0
204519,1204519,camara,Tiago Mitraud,M,NOVO,MG,Titular,1,1,6.107236485161341,0,0
197438,1197438,camara,Tito,M,AVANTE,BA,Titular,1,1,3.5693333513759775,0,0
157130,1157130,camara,Túlio Gadêlha,M,PDT,PE,Titular,1,1,-1.7347428588596117,2,0.07535885167464115
204385,1204385,camara,Valdevan Noventa,M,PL,SE,Titular,1,1,1.6798867365626649,0,0
204505,1204505,camara,Vavá Martins,M,REPUBLICANOS,PA,Titular,1,1,4.0666249727239006,0,0
204396,1204396,camara,Vermelho,M,PSD,PR,Titular,1,1,5.5567938483126795,0,0
204483,1204483,camara,Vilson Da Fetaemg,M,PSB,MG,Titular,1,1,-1.9297076206999346,1,0.05263157894736842
204478,1204478,camara,Vinicius Farah,M,MDB,RJ,Titular,1,1,4.2875246501081286,0,0
204532,1204532,camara,Vinicius Poit,M,NOVO,SP,Titular,1,1,5.832687776833168,0,0
179587,1179587,camara,Vitor Hugo,M,PSL,GO,Titular,1,1,9.027987112906473,0,0
204463,1204463,camara,Wladimir Garotinho,M,PSD,RJ,Titular,1,1,3.2044771653133974,0,0
204559,1204559,camara,Zé Neto,M,PT,BA,Titular,1,1,-3.4211275805541757,0,0
204517,1204517,camara,Zé Vitor,M,PL,MG,Titular,1,1,4.418477544709386,0,0
5982,25982,senado,Alessandro Vieira,M,CIDADANIA,SE,Titular,1,1,-2.458098299349242,0,0
5967,25967,senado,Angelo Coronel,M,PSD,BA,Titular,1,1,-1.2203828355833366,0,0
6295,26295,senado,Carlos Fávaro,M,PSD,MT,Titular,1,1,4.605515581898931,0,0
5936,25936,senado,Carlos Portinho,M,PSD,RJ,1º Suplente,1,1,NA,0,0
5990,25990,senado,Carlos Viana,M,PSD,MG,Titular,1,1,2.4921941735663644,0,0
5973,25973,senado,Cid Gomes,M,PDT,CE,Titular,1,1,-8.241509491984045,0,0
475,2475,senado,Confúcio Moura,M,MDB,RO,Titular,1,1,2.0073598241460964,0,0
5996,25996,senado,Diego Tavares,M,PP,PB,1º Suplente,1,1,NA,0,0
5976,25976,senado,Eduardo Girão,M,PODEMOS,CE,Titular,1,1,-1.6168473989705063,0,0
3777,23777,senado,Eduardo Gomes,M,MDB,TO,Titular,1,1,5.982366220097401,0,0
5718,25718,senado,Eliziane Gama,F,CIDADANIA,MA,Titular,1,1,-3.9228169265204222,0,0
22,222,senado,Esperidião Amin,M,PP,SC,Titular,1,1,-1.5150059373054052,0,0
5953,25953,senado,Fabiano Contarato,M,REDE,ES,Titular,1,1,-6.475067277189618,1,0.5
345,2345,senado,Flávio Arns,M,PODEMOS,PR,Titular,1,1,-4.225396369010732,0,0
5894,25894,senado,Flávio Bolsonaro,M,REPUBLICANOS,RJ,Titular,1,1,10,0,0
5385,25385,senado,Irajá,M,PSD,TO,Titular,1,1,-3.695982808523828,0,0
4770,24770,senado,Izalci Lucas,M,PSDB,DF,Titular,1,1,6.70037933059324,0,0
581,2581,senado,Jaques Wagner,M,PT,BA,Titular,1,1,-10,0,0
5895,25895,senado,Jorge Kajuru,M,CIDADANIA,GO,Titular,1,1,-4.805564731659851,0,0
5350,25350,senado,Jorginho Mello,M,PL,SC,Titular,1,1,2.7483274418711936,0,0
5979,25979,senado,Leila Barros,F,PSB,DF,Titular,1,1,-5.673434453344452,0,0
5926,25926,senado,Lucas Barreto,M,PSD,AP,Titular,1,1,-1.5522081363167786,0,0
1186,21186,senado,Luis Carlos Heinze,M,PP,RS,Titular,1,1,7.952631992623786,0,0
5666,25666,senado,Major Olimpio,M,PSL,SP,Titular,1,1,1.2652397919175087,0,0
5376,25376,senado,Mara Gabrilli,F,PSDB,SP,Titular,1,1,-2.219548930868225,1,0.5
742,2742,senado,Marcelo Castro,M,MDB,PI,Titular,1,1,1.8458825170972677,0,0
285,2285,senado,Marcio Bittar,M,MDB,AC,Titular,1,1,7.74894370901335,0,0
5422,25422,senado,Marcos Rogério,M,DEM,RO,Titular,1,1,2.249941218981512,0,0
5942,25942,senado,Marcos do Val,M,PODEMOS,ES,Titular,1,1,0.48172775558539094,0,0
6027,26027,senado,Mecias de Jesus,M,REPUBLICANOS,RR,Titular,1,1,-0.251642281927257,0,0
5985,25985,senado,Nelsinho Trad,M,PSD,MS,Titular,1,1,-0.35427992497216465,0,0
63,263,senado,Ney Suassuna,M,REPUBLICANOS,PB,1º Suplente,1,1,NA,0,0
5924,25924,senado,Oriovisto Guimarães,M,PODEMOS,PR,Titular,1,1,0.7773007079619845,0,0
5502,25502,senado,Plínio Valério,M,PSDB,AM,Titular,1,1,-0.3481996775187888,0,0
5905,25905,senado,Rodrigo Cunha,M,PSDB,AL,Titular,1,1,-1.474663086493571,0,0
5732,25732,senado,Rodrigo Pacheco,M,DEM,MG,Titular,1,1,2.0622282939254095,0,0
5352,25352,senado,Rogério Carvalho,M,PT,SE,Titular,1,1,-9.96288104764234,0,0
5988,25988,senado,Soraya Thronicke,F,PSL,MS,Titular,1,1,5.935884004640524,0,0
5959,25959,senado,Styvenson Valentim,M,PODEMOS,RN,Titular,1,1,-2.1465833828503786,0,0
5899,25899,senado,Vanderlan Cardoso,M,PSD,GO,Titular,1,1,2.607057077477492,0,0
5411,25411,senado,Weverton,M,PDT,MA,Titular,1,1,-6.1190715318106115,0,0
5783,25783,senado,Zenaide Maia,F,PROS,RN,Titular,1,1,-8.30485078789202,0,0
3806,23806,senado,Zequinha Marinho,M,PSC,PA,Titular,1,1,2.817743168877625,0,0
